j,m1,xi1,m2,xi2,index1,index2,energy_diff,coupling
0,0.5,True,-0.5,False,1,0,0.0,0.0
1,-0.5,False,-1.5,False,3,2,-2.235,0.11547005383792504
1,0.5,False,-0.5,False,4,3,0.0,3.523669451459861e-17
1,0.5,False,-0.5,True,4,5,-2.235,-0.1999999999999999
1,-0.5,True,-1.5,False,5,2,-1.1102230246251565e-16,-0.16329931618554505
1,0.5,True,-0.5,True,6,5,0.0,3.523669451459861e-17
1,0.5,True,-0.5,False,6,3,2.235,-0.19999999999999987
1,1.5,True,0.5,True,7,6,1.1102230246251565e-16,0.16329931618554516
1,1.5,True,0.5,False,7,4,2.235,0.1154700538379251
2,-1.5,False,-2.5,False,9,8,-3.7249999999999996,0.0903507902905251
2,-0.5,False,-1.5,False,10,9,0.0,-0.16329931618554516
2,-0.5,False,-1.5,True,10,13,-3.7249999999999996,-0.023328473740792163
2,0.5,False,-0.5,False,11,10,0.0,3.609587827048596e-18
2,0.5,False,-0.5,True,11,14,-3.7249999999999996,-0.08247860988423227
2,1.5,False,0.5,False,12,11,0.0,0.16329931618554522
2,1.5,False,0.5,True,12,15,-3.7249999999999996,-0.0857142857142857
2,-1.5,True,-2.5,False,13,8,0.0,-0.1807015805810502
2,-0.5,True,-1.5,True,14,13,0.0,-0.1142857142857143
2,-0.5,True,-1.5,False,14,9,3.7249999999999996,-0.0857142857142857
2,0.5,True,-0.5,True,15,14,0.0,3.609587827048596e-18
2,0.5,True,-0.5,False,15,10,3.7249999999999996,-0.08247860988423227
2,1.5,True,0.5,True,16,15,0.0,0.11428571428571432
2,1.5,True,0.5,False,16,11,3.7249999999999996,-0.023328473740792156
2,2.5,True,1.5,True,17,16,0.0,0.1807015805810502
2,2.5,True,1.5,False,17,12,3.7249999999999996,0.0903507902905251
3,-2.5,False,-3.5,False,19,18,-5.215,0.07273929674533082
3,-1.5,False,-2.5,False,20,19,0.0,-0.1807015805810503
3,-1.5,False,-2.5,True,20,25,-5.215,0.01229518522605533
3,-0.5,False,-1.5,False,21,20,0.0,-0.11428571428571435
3,-0.5,False,-1.5,True,21,26,-5.215,-0.030116930096841698
3,0.5,False,-0.5,False,22,21,0.0,-3.149613506511376e-17
3,0.5,False,-0.5,True,22,27,-5.215,-0.054433105395181744
3,1.5,False,0.5,False,23,22,0.0,0.1142857142857143
3,1.5,False,0.5,True,23,28,-5.215,-0.06048431391510366
3,2.5,False,1.5,False,24,23,0.0,0.18070158058105032
3,2.5,False,1.5,True,24,29,-5.215,-0.04761904761904765
3,-2.5,True,-3.5,False,25,18,0.0,-0.17817416127494962
3,-1.5,True,-2.5,True,26,25,0.0,-0.15552315827194788
3,-1.5,True,-2.5,False,26,19,5.215,-0.04761904761904762
3,-0.5,True,-1.5,True,27,26,0.0,-0.08694008849288355
3,-0.5,True,-1.5,False,27,20,5.215,-0.060484313915103644
3,0.5,True,-0.5,True,28,27,0.0,-3.149613506511376e-17
3,0.5,True,-0.5,False,28,21,5.215,-0.05443310539518177
3,1.5,True,0.5,True,29,28,0.0,0.08694008849288352
3,1.5,True,0.5,False,29,22,5.215,-0.030116930096841722
3,2.5,True,1.5,True,30,29,0.0,0.15552315827194788
3,2.5,True,1.5,False,30,23,5.215,0.012295185226055301
3,3.5,True,2.5,True,31,30,0.0,0.17817416127494962
3,3.5,True,2.5,False,31,24,5.215,0.07273929674533082
4,-3.5,False,-4.5,False,33,32,-6.705,0.060606060606060635
4,-2.5,False,-3.5,False,34,33,0.0,-0.17817416127494964
4,-2.5,False,-3.5,True,34,41,-6.705,0.022906937758134977
4,-1.5,False,-2.5,False,35,34,4.440892098500626e-16,-0.15552315827194788
4,-1.5,False,-2.5,True,35,42,-6.705,-0.006612663340484616
4,-0.5,False,-1.5,False,36,35,-4.440892098500626e-16,-0.08694008849288358
4,-0.5,False,-1.5,True,36,43,-6.705,-0.027943602786489316
4,0.5,False,-0.5,False,37,36,0.0,-1.148362159332704e-17
4,0.5,False,-0.5,True,37,44,-6.705,-0.04106854104114781
4,1.5,False,0.5,False,38,37,4.440892098500626e-16,0.08694008849288357
4,1.5,False,0.5,True,38,45,-6.705,-0.045950024034893684
4,2.5,False,1.5,False,39,38,-4.440892098500626e-16,0.1555231582719478
4,2.5,False,1.5,True,39,46,-6.705,-0.04248898084945293
4,3.5,False,2.5,False,40,39,0.0,0.17817416127494962
4,3.5,False,2.5,True,40,47,-6.705,-0.030303030303030314
4,-3.5,True,-4.5,False,41,32,0.0,-0.17141982574219342
4,-2.5,True,-3.5,True,42,41,0.0,-0.1714198257421934
4,-2.5,True,-3.5,False,42,33,6.705,-0.030303030303030293
4,-1.5,True,-2.5,True,43,42,-4.440892098500626e-16,-0.13092405451329014
4,-1.5,True,-2.5,False,43,34,6.705,-0.042488980849452955
4,-0.5,True,-1.5,True,44,43,4.440892098500626e-16,-0.06998185081086378
4,-0.5,True,-1.5,False,44,35,6.705,-0.04595002403489369
4,0.5,True,-0.5,True,45,44,0.0,-1.148362159332704e-17
4,0.5,True,-0.5,False,45,36,6.705,-0.0410685410411478
4,1.5,True,0.5,True,46,45,-4.440892098500626e-16,0.06998185081086375
4,1.5,True,0.5,False,46,37,6.705,-0.027943602786489306
4,2.5,True,1.5,True,47,46,4.440892098500626e-16,0.13092405451329014
4,2.5,True,1.5,False,47,38,6.705,-0.006612663340484599
4,3.5,True,2.5,True,48,47,0.0,0.17141982574219333
4,3.5,True,2.5,False,48,39,6.705,0.022906937758134946
4,4.5,True,3.5,True,49,48,0.0,0.17141982574219336
4,4.5,True,3.5,False,49,40,6.705,0.06060606060606063
5,-4.5,False,-5.5,False,51,50,-8.195,0.05186152788178786
5,-3.5,False,-4.5,False,52,51,0.0,-0.17141982574219336
5,-3.5,False,-4.5,True,52,61,-8.195,0.026061398339158385
5,-2.5,False,-3.5,False,53,52,0.0,-0.17141982574219333
5,-2.5,False,-3.5,True,53,62,-8.195,0.004662004662004673
5,-1.5,False,-2.5,False,54,53,0.0,-0.13092405451329014
5,-1.5,False,-2.5,True,54,63,-8.195,-0.012334504946688085
5,-0.5,False,-1.5,False,55,54,0.0,-0.0699818508108637
5,-0.5,False,-1.5,True,55,64,-8.195,-0.02492465412951895
5,0.5,False,-0.5,False,56,55,0.0,-1.8702797247424236e-18
5,0.5,False,-0.5,True,56,65,-8.195,-0.033102421762456535
5,1.5,False,0.5,False,57,56,0.0,0.06998185081086368
5,1.5,False,0.5,True,57,66,-8.195,-0.03685638298564542
5,2.5,False,1.5,False,58,57,0.0,0.13092405451329012
5,2.5,False,1.5,True,58,67,-8.195,-0.036161853234561336
5,3.5,False,2.5,False,59,58,0.0,0.17141982574219333
5,3.5,False,2.5,True,59,68,-8.195,-0.030953510935574326
5,4.5,False,3.5,False,60,59,0.0,0.17141982574219333
5,4.5,False,3.5,True,60,69,-8.195,-0.020979020979020973
5,-4.5,True,-5.5,False,61,50,0.0,-0.16400055104277728
5,-3.5,True,-4.5,True,62,61,0.0,-0.17691063833109816
5,-3.5,True,-4.5,False,62,51,8.195,-0.020979020979020983
5,-2.5,True,-3.5,True,63,62,0.0,-0.15416369010523504
5,-2.5,True,-3.5,False,63,52,8.195,-0.030953510935574326
5,-1.5,True,-2.5,True,64,63,0.0,-0.1118881118881119
5,-1.5,True,-2.5,False,64,53,8.195,-0.03616185323456134
5,-0.5,True,-1.5,True,65,64,0.0,-0.058507694163222046
5,-0.5,True,-1.5,False,65,54,8.195,-0.03685638298564544
5,0.5,True,-0.5,True,66,65,0.0,-1.8702797247424236e-18
5,0.5,True,-0.5,False,66,55,8.195,-0.033102421762456535
5,1.5,True,0.5,True,67,66,0.0,0.058507694163222046
5,1.5,True,0.5,False,67,56,8.195,-0.02492465412951893
5,2.5,True,1.5,True,68,67,0.0,0.11188811188811187
5,2.5,True,1.5,False,68,57,8.195,-0.012334504946688103
5,3.5,True,2.5,True,69,68,0.0,0.154163690105235
5,3.5,True,2.5,False,69,58,8.195,0.004662004662004668
5,4.5,True,3.5,True,70,69,0.0,0.17691063833109816
5,4.5,True,3.5,False,70,59,8.195,0.026061398339158395
5,5.5,True,4.5,True,71,70,0.0,0.1640005510427773
5,5.5,True,4.5,False,71,60,8.195,0.051861527881787856
6,-5.5,False,-6.5,False,73,72,-9.684999999999999,0.04529108136578384
6,-4.5,False,-5.5,False,74,73,0.0,-0.1640005510427773
6,-4.5,False,-5.5,True,74,85,-9.685,0.026512013441702436
6,-3.5,False,-4.5,False,75,74,0.0,-0.17691063833109816
6,-3.5,False,-4.5,True,75,86,-9.685,0.010372305576357597
6,-2.5,False,-3.5,False,76,75,0.0,-0.154163690105235
6,-2.5,False,-3.5,True,76,87,-9.685,-0.0031273678006990577
6,-1.5,False,-2.5,False,77,76,0.0,-0.11188811188811187
6,-1.5,False,-2.5,True,77,88,-9.685,-0.013986013986013972
6,-0.5,False,-1.5,False,78,77,0.0,-0.05850769416322206
6,-0.5,False,-1.5,True,78,89,-9.685,-0.0222021089040385
6,0.5,False,-0.5,False,79,78,0.0,-3.740559449484847e-18
6,0.5,False,-0.5,True,79,90,-9.685,-0.027773186030035396
6,1.5,False,0.5,False,80,79,0.0,0.058507694163222046
6,1.5,False,0.5,True,80,91,-9.685,-0.030694972907005142
6,2.5,False,1.5,False,81,80,0.0,0.11188811188811183
6,2.5,False,1.5,True,81,92,-9.685,-0.03095936170794217
6,3.5,False,2.5,False,82,81,0.0,0.15416369010523495
6,3.5,False,2.5,True,82,93,-9.685,-0.02854883150096945
6,4.5,False,3.5,False,83,82,0.0,0.1769106383310981
6,4.5,False,3.5,True,83,94,-9.685,-0.02341700392517361
6,5.5,False,4.5,False,84,83,0.0,0.16400055104277728
6,5.5,False,4.5,True,84,95,-9.685,-0.015384615384615403
6,-5.5,True,-6.5,False,85,72,8.881784197001252e-16,-0.15689290811054724
6,-4.5,True,-5.5,True,86,85,0.0,-0.177646236673731
6,-4.5,True,-5.5,False,86,73,9.685,-0.01538461538461539
6,-3.5,True,-4.5,True,87,86,0.0,-0.16664694163355817
6,-3.5,True,-4.5,False,87,74,9.685,-0.023417003925173624
6,-2.5,True,-3.5,True,88,87,0.0,-0.1376041832307563
6,-2.5,True,-3.5,False,88,75,9.685,-0.028548831500969474
6,-1.5,True,-2.5,True,89,88,0.0,-0.09730085108210396
6,-1.5,True,-2.5,False,89,76,9.685,-0.03095936170794218
6,-0.5,True,-1.5,True,90,89,0.0,-0.0502459434417062
6,-0.5,True,-1.5,False,90,77,9.685,-0.03069497290700515
6,0.5,True,-0.5,True,91,90,0.0,-3.740559449484847e-18
6,0.5,True,-0.5,False,91,78,9.685,-0.027773186030035396
6,1.5,True,0.5,True,92,91,0.0,0.05024594344170619
6,1.5,True,0.5,False,92,79,9.685,-0.022202108904038505
6,2.5,True,1.5,True,93,92,0.0,0.09730085108210393
6,2.5,True,1.5,False,93,80,9.685,-0.013986013986013969
6,3.5,True,2.5,True,94,93,0.0,0.13760418323075627
6,3.5,True,2.5,False,94,81,9.685,-0.003127367800699038
6,4.5,True,3.5,True,95,94,0.0,0.16664694163355814
6,4.5,True,3.5,False,95,82,9.685,0.010372305576357595
6,5.5,True,4.5,True,96,95,0.0,0.17764623667373095
6,5.5,True,4.5,False,96,83,9.685,0.026512013441702426
6,6.5,True,5.5,True,97,96,-8.881784197001252e-16,0.15689290811054724
6,6.5,True,5.5,False,97,84,9.684999999999999,0.04529108136578384
7,-6.5,False,-7.5,False,99,98,-11.175,0.04018412065082194
7,-5.5,False,-6.5,False,100,99,0.0,-0.1568929081105472
7,-5.5,False,-6.5,True,100,113,-11.175,0.025898801848423855
7,-4.5,False,-5.5,False,101,100,8.881784197001252e-16,-0.17764623667373097
7,-4.5,False,-5.5,True,101,114,-11.175,0.013320906284054046
7,-3.5,False,-4.5,False,102,101,0.0,-0.16664694163355814
7,-3.5,False,-4.5,True,102,115,-11.174999999999999,0.0024506903181405696
7,-2.5,False,-3.5,False,103,102,0.0,-0.13760418323075627
7,-2.5,False,-3.5,True,103,116,-11.174999999999999,-0.006711491843525487
7,-1.5,False,-2.5,False,104,103,-8.881784197001252e-16,-0.0973008510821039
7,-1.5,False,-2.5,True,104,117,-11.175,-0.014165136509048437
7,-0.5,False,-1.5,False,105,104,8.881784197001252e-16,-0.05024594344170619
7,-0.5,False,-1.5,True,105,118,-11.175,-0.01990950226244344
7,0.5,False,-0.5,False,106,105,0.0,2.53614094011415e-17
7,0.5,False,-0.5,True,106,119,-11.174999999999999,-0.023943450778865033
7,1.5,False,0.5,False,107,106,-8.881784197001252e-16,0.05024594344170626
7,1.5,False,0.5,True,107,120,-11.175,-0.026265139729762
7,2.5,False,1.5,False,108,107,8.881784197001252e-16,0.097300851082104
7,2.5,False,1.5,True,108,121,-11.175,-0.026871377665994137
7,3.5,False,2.5,False,109,108,0.0,0.13760418323075627
7,3.5,False,2.5,True,109,122,-11.174999999999999,-0.025756107639380462
7,4.5,False,3.5,False,110,109,0.0,0.1666469416335582
7,4.5,False,3.5,True,110,123,-11.174999999999999,-0.022906238921954314
7,5.5,False,4.5,False,111,110,-8.881784197001252e-16,0.177646236673731
7,5.5,False,4.5,True,111,124,-11.175,-0.01828711259876642
7,6.5,False,5.5,False,112,111,0.0,0.15689290811054724
7,6.5,False,5.5,True,112,125,-11.175,-0.011764705882352938
7,-6.5,True,-7.5,False,113,98,8.881784197001252e-16,-0.15035521186416326
7,-5.5,True,-6.5,True,114,113,0.0,-0.17607799467171487
7,-5.5,True,-6.5,False,114,99,11.175,-0.011764705882352948
7,-4.5,True,-5.5,True,115,114,-8.881784197001252e-16,-0.17317178169270284
7,-4.5,True,-5.5,False,115,100,11.175,-0.018287112598766433
7,-3.5,True,-4.5,True,116,115,0.0,-0.1536934740569837
7,-3.5,True,-4.5,False,116,101,11.174999999999999,-0.022906238921954297
7,-2.5,True,-3.5,True,117,116,0.0,-0.1233892762553119
7,-2.5,True,-3.5,False,117,102,11.174999999999999,-0.02575610763938049
7,-1.5,True,-2.5,True,118,117,8.881784197001252e-16,-0.08591726392237897
7,-1.5,True,-2.5,False,118,103,11.175,-0.02687137766599415
7,-0.5,True,-1.5,True,119,118,-8.881784197001252e-16,-0.04401949866792867
7,-0.5,True,-1.5,False,119,104,11.175,-0.02626513972976198
7,0.5,True,-0.5,True,120,119,0.0,2.53614094011415e-17
7,0.5,True,-0.5,False,120,105,11.174999999999999,-0.023943450778865023
7,1.5,True,0.5,True,121,120,8.881784197001252e-16,0.044019498667928744
7,1.5,True,0.5,False,121,106,11.175,-0.01990950226244345
7,2.5,True,1.5,True,122,121,-8.881784197001252e-16,0.08591726392237901
7,2.5,True,1.5,False,122,107,11.175,-0.014165136509048413
7,3.5,True,2.5,True,123,122,0.0,0.12338927625531196
7,3.5,True,2.5,False,123,108,11.174999999999999,-0.006711491843525461
7,4.5,True,3.5,True,124,123,0.0,0.15369347405698372
7,4.5,True,3.5,False,124,109,11.174999999999999,0.002450690318140535
7,5.5,True,4.5,True,125,124,8.881784197001252e-16,0.1731717816927029
7,5.5,True,4.5,False,125,110,11.175,0.013320906284054072
7,6.5,True,5.5,True,126,125,0.0,0.17607799467171492
7,6.5,True,5.5,False,126,111,11.175,0.025898801848423858
7,7.5,True,6.5,True,127,126,-8.881784197001252e-16,0.15035521186416326
7,7.5,True,6.5,False,127,112,11.175,0.04018412065082195
8,-7.5,False,-8.5,False,129,128,-12.665,0.03610496529315976
8,-6.5,False,-7.5,False,130,129,8.881784197001252e-16,-0.1503552118641633
8,-6.5,False,-7.5,True,130,145,-12.665,0.02487078692489918
8,-5.5,False,-6.5,False,131,130,0.0,-0.17607799467171492
8,-5.5,False,-6.5,True,131,146,-12.665,0.014804676029250188
8,-4.5,False,-5.5,False,132,131,0.0,-0.1731717816927029
8,-4.5,False,-5.5,True,132,147,-12.665,0.005906744281219505
8,-3.5,False,-4.5,False,133,132,0.0,-0.15369347405698372
8,-3.5,False,-4.5,True,133,148,-12.665,-0.0018228608599231988
8,-2.5,False,-3.5,False,134,133,-8.881784197001252e-16,-0.12338927625531193
8,-2.5,False,-3.5,True,134,149,-12.665,-0.008383940562059806
8,-1.5,False,-2.5,False,135,134,0.0,-0.085917263922379
8,-1.5,False,-2.5,True,135,150,-12.665000000000001,-0.013776220099868106
8,-0.5,False,-1.5,False,136,135,8.881784197001252e-16,-0.0440194986679287
8,-0.5,False,-1.5,True,136,151,-12.665,-0.01799930879721194
8,0.5,False,-0.5,False,137,136,0.0,-1.601001077742938e-17
8,0.5,False,-0.5,True,137,152,-12.665,-0.02105263157894735
8,1.5,False,0.5,False,138,137,-8.881784197001252e-16,0.044019498667928744
8,1.5,False,0.5,True,138,153,-12.665,-0.02293530548291289
8,2.5,False,1.5,False,139,138,0.0,0.08591726392237903
8,2.5,False,1.5,True,139,154,-12.665000000000001,-0.02364590141876078
8,3.5,False,2.5,False,140,139,8.881784197001252e-16,0.123389276255312
8,3.5,False,2.5,True,140,155,-12.665,-0.023181943661509854
8,4.5,False,3.5,False,141,140,0.0,0.1536934740569838
8,4.5,False,3.5,True,141,156,-12.665,-0.021538733289072576
8,5.5,False,4.5,False,142,141,0.0,0.17317178169270295
8,5.5,False,4.5,True,142,157,-12.665,-0.018706113618777623
8,6.5,False,5.5,False,143,142,0.0,0.17607799467171498
8,6.5,False,5.5,True,143,158,-12.665,-0.014657189496454899
8,7.5,False,6.5,False,144,143,-8.881784197001252e-16,0.15035521186416334
8,7.5,False,6.5,True,144,159,-12.665,-0.009287925696594423
8,-7.5,True,-8.5,False,145,128,8.881784197001252e-16,-0.14441986117263905
8,-6.5,True,-7.5,True,146,145,-8.881784197001252e-16,-0.173374613003096
8,-6.5,True,-7.5,False,146,129,12.665,-0.00928792569659443
8,-5.5,True,-6.5,True,147,146,0.0,-0.17622599963786642
8,-5.5,True,-6.5,False,147,130,12.665,-0.014657189496454883
8,-4.5,True,-5.5,True,148,147,0.0,-0.16382361059223474
8,-4.5,True,-5.5,False,148,131,12.665,-0.018706113618777647
8,-3.5,True,-4.5,True,149,148,0.0,-0.14119819505871678
8,-3.5,True,-4.5,False,149,132,12.665,-0.021538733289072562
8,-2.5,True,-3.5,True,150,149,8.881784197001252e-16,-0.11145510835913311
8,-2.5,True,-3.5,False,150,133,12.665,-0.02318194366150984
8,-1.5,True,-2.5,True,151,150,0.0,-0.07684008449529943
8,-1.5,True,-2.5,False,151,134,12.665000000000001,-0.023645901418760776
8,-0.5,True,-1.5,True,152,151,-8.881784197001252e-16,-0.039161333252859185
8,-0.5,True,-1.5,False,152,135,12.665,-0.022935305482912872
8,0.5,True,-0.5,True,153,152,0.0,-1.601001077742938e-17
8,0.5,True,-0.5,False,153,136,12.665,-0.02105263157894735
8,1.5,True,0.5,True,154,153,8.881784197001252e-16,0.03916133325285919
8,1.5,True,0.5,False,154,137,12.665,-0.017999308797211958
8,2.5,True,1.5,True,155,154,0.0,0.07684008449529946
8,2.5,True,1.5,False,155,138,12.665000000000001,-0.013776220099868095
8,3.5,True,2.5,True,156,155,-8.881784197001252e-16,0.11145510835913319
8,3.5,True,2.5,False,156,139,12.665,-0.008383940562059811
8,4.5,True,3.5,True,157,156,0.0,0.14119819505871684
8,4.5,True,3.5,False,157,140,12.665,-0.0018228608599232105
8,5.5,True,4.5,True,158,157,0.0,0.16382361059223483
8,5.5,True,4.5,False,158,141,12.665,0.005906744281219527
8,6.5,True,5.5,True,159,158,0.0,0.1762259996378664
8,6.5,True,5.5,False,159,142,12.665,0.014804676029250188
8,7.5,True,6.5,True,160,159,8.881784197001252e-16,0.1733746130030961
8,7.5,True,6.5,False,160,143,12.665,0.024870786924899184
8,8.5,True,7.5,True,161,160,-8.881784197001252e-16,0.14441986117263905
8,8.5,True,7.5,False,161,144,12.665,0.03610496529315976
9,-8.5,False,-9.5,False,163,162,-14.155,0.032773676267223134
9,-7.5,False,-8.5,False,164,163,-8.881784197001252e-16,-0.14441986117263908
9,-7.5,False,-8.5,True,164,181,-14.155000000000001,0.023706489665205485
9,-6.5,False,-7.5,False,165,164,8.881784197001252e-16,-0.17337461300309603
9,-6.5,False,-7.5,True,165,182,-14.155000000000001,0.015473556554211322
9,-5.5,False,-6.5,False,166,165,0.0,-0.17622599963786642
9,-5.5,False,-6.5,True,166,183,-14.155,0.008074930819772494
9,-4.5,False,-5.5,False,167,166,-8.881784197001252e-16,-0.1638236105922348
9,-4.5,False,-5.5,True,167,184,-14.155000000000001,0.0015106812274745245
9,-3.5,False,-4.5,False,168,167,8.881784197001252e-16,-0.14119819505871684
9,-3.5,False,-4.5,True,168,185,-14.155000000000001,-0.004219103058013941
9,-2.5,False,-3.5,False,169,168,0.0,-0.11145510835913314
9,-2.5,False,-3.5,True,169,186,-14.155,-0.009114304299615936
9,-1.5,False,-2.5,False,170,169,0.0,-0.07684008449529943
9,-1.5,False,-2.5,True,170,187,-14.155,-0.013174763740379725
9,-0.5,False,-1.5,False,171,170,0.0,-0.039161333252859164
9,-0.5,False,-1.5,True,171,188,-14.155,-0.016400262023652513
9,0.5,False,-0.5,False,172,171,0.0,3.149613506511376e-17
9,0.5,False,-0.5,True,172,189,-14.155,-0.018790487205880592
9,1.5,False,0.5,False,173,172,0.0,0.039161333252859226
9,1.5,False,0.5,True,173,190,-14.155,-0.02034498009730207
9,2.5,False,1.5,False,174,173,0.0,0.07684008449529946
9,2.5,False,1.5,True,174,191,-14.155,-0.021063035647573076
9,3.5,False,2.5,False,175,174,0.0,0.11145510835913316
9,3.5,False,2.5,True,175,192,-14.155,-0.02094351268518811
9,4.5,False,3.5,False,176,175,-8.881784197001252e-16,0.14119819505871684
9,4.5,False,3.5,True,176,193,-14.155000000000001,-0.01998443419095674
9,5.5,False,4.5,False,177,176,8.881784197001252e-16,0.16382361059223483
9,5.5,False,4.5,True,177,194,-14.155000000000001,-0.01818204758168466
9,6.5,False,5.5,False,178,177,0.0,0.17622599963786645
9,6.5,False,5.5,True,178,195,-14.155,-0.015528241034892634
9,7.5,False,6.5,False,179,178,-8.881784197001252e-16,0.17337461300309606
9,7.5,False,6.5,True,179,196,-14.155000000000001,-0.012001531469222634
9,8.5,False,7.5,False,180,179,8.881784197001252e-16,0.14441986117263908
9,8.5,False,7.5,True,180,197,-14.155000000000001,-0.007518796992481203
9,-8.5,True,-9.5,False,181,162,0.0,-0.13904693239779653
9,-7.5,True,-8.5,True,182,181,8.881784197001252e-16,-0.17013095487195135
9,-7.5,True,-8.5,False,182,163,14.155000000000001,-0.00751879699248122
9,-6.5,True,-7.5,True,183,182,-8.881784197001252e-16,-0.17718429716424702
9,-6.5,True,-7.5,False,183,164,14.155000000000001,-0.012001531469222634
9,-5.5,True,-6.5,True,184,183,0.0,-0.17013095487195137
9,-5.5,True,-6.5,False,184,165,14.155,-0.015528241034892622
9,-4.5,True,-5.5,True,185,184,8.881784197001252e-16,-0.15347680092626437
9,-4.5,True,-5.5,False,185,166,14.155000000000001,-0.01818204758168464
9,-3.5,True,-4.5,True,186,185,-8.881784197001252e-16,-0.12993966312597216
9,-3.5,True,-4.5,False,186,167,14.155000000000001,-0.019984434190956746
9,-2.5,True,-3.5,True,187,186,0.0,-0.10143411701678227
9,-2.5,True,-3.5,False,187,168,14.155,-0.020943512685188112
9,-1.5,True,-2.5,True,188,187,0.0,-0.06945567148145872
9,-1.5,True,-2.5,False,188,169,14.155,-0.02106303564757308
9,-0.5,True,-1.5,True,189,188,0.0,-0.035266283908446834
9,-0.5,True,-1.5,False,189,170,14.155,-0.02034498009730207
9,0.5,True,-0.5,True,190,189,0.0,3.149613506511376e-17
9,0.5,True,-0.5,False,190,171,14.155,-0.018790487205880592
9,1.5,True,0.5,True,191,190,0.0,0.03526628390844687
9,1.5,True,0.5,False,191,172,14.155,-0.0164002620236525
9,2.5,True,1.5,True,192,191,0.0,0.06945567148145874
9,2.5,True,1.5,False,192,173,14.155,-0.013174763740379717
9,3.5,True,2.5,True,193,192,0.0,0.10143411701678232
9,3.5,True,2.5,False,193,174,14.155,-0.009114304299615938
9,4.5,True,3.5,True,194,193,8.881784197001252e-16,0.12993966312597216
9,4.5,True,3.5,False,194,175,14.155000000000001,-0.004219103058013934
9,5.5,True,4.5,True,195,194,-8.881784197001252e-16,0.15347680092626437
9,5.5,True,4.5,False,195,176,14.155000000000001,0.0015106812274744946
9,6.5,True,5.5,True,196,195,0.0,0.17013095487195143
9,6.5,True,5.5,False,196,177,14.155,0.008074930819772487
9,7.5,True,6.5,True,197,196,8.881784197001252e-16,0.17718429716424708
9,7.5,True,6.5,False,197,178,14.155000000000001,0.015473556554211334
9,8.5,True,7.5,True,198,197,-8.881784197001252e-16,0.17013095487195137
9,8.5,True,7.5,False,198,179,14.155000000000001,0.02370648966520549
9,9.5,True,8.5,True,199,198,0.0,0.13904693239779653
9,9.5,True,8.5,False,199,180,14.155,0.03277367626722313
10,-9.5,False,-10.5,False,201,200,-15.645,0.030002850406189302
10,-8.5,False,-9.5,False,202,201,-1.7763568394002505e-15,-0.13904693239779653
10,-8.5,False,-9.5,True,202,221,-15.645,0.022530318326397902
10,-7.5,False,-8.5,False,203,202,0.0,-0.17013095487195135
10,-7.5,False,-8.5,True,203,222,-15.645,0.015674366910411044
10,-6.5,False,-7.5,False,204,203,0.0,-0.17718429716424705
10,-6.5,False,-7.5,True,204,223,-15.645,0.009435024314914572
10,-5.5,False,-6.5,False,205,204,0.0,-0.17013095487195137
10,-5.5,False,-6.5,True,205,224,-15.645,0.003812325527849176
10,-4.5,False,-5.5,False,206,205,0.0,-0.15347680092626437
10,-4.5,False,-5.5,True,206,225,-15.645,-0.0011936854255316129
10,-3.5,False,-4.5,False,207,206,0.0,-0.1299396631259722
10,-3.5,False,-4.5,True,207,226,-15.645,-0.005582952362405786
10,-2.5,False,-3.5,False,208,207,0.0,-0.10143411701678233
10,-2.5,False,-3.5,True,208,227,-15.645,-0.009355402432987351
10,-1.5,False,-2.5,False,209,208,0.0,-0.06945567148145884
10,-1.5,False,-2.5,True,209,228,-15.645,-0.012510939442329958
10,-0.5,False,-1.5,False,210,209,0.0,-0.03526628390844689
10,-0.5,False,-1.5,True,210,229,-15.645,-0.015049433679722312
10,0.5,False,-0.5,False,211,210,0.0,-1.896474049229673e-17
10,0.5,False,-0.5,True,211,230,-15.645,-0.016970705920127362
10,1.5,False,0.5,False,212,211,0.0,0.035266283908446765
10,1.5,False,0.5,True,212,231,-15.645,-0.018274501287183616
10,2.5,False,1.5,False,213,212,0.0,0.06945567148145869
10,2.5,False,1.5,True,213,232,-15.645,-0.018960444589735222
10,3.5,False,2.5,False,214,213,0.0,0.10143411701678223
10,3.5,False,2.5,True,214,233,-15.645,-0.019027959739594952
10,4.5,False,3.5,False,215,214,0.0,0.12993966312597208
10,4.5,False,3.5,True,215,234,-15.645,-0.018476114276273947
10,5.5,False,4.5,False,216,215,0.0,0.15347680092626426
10,5.5,False,4.5,True,216,235,-15.645,-0.0173032927094371
10,6.5,False,5.5,False,217,216,0.0,0.17013095487195126
10,6.5,False,5.5,True,217,236,-15.645,-0.015506428539563806
10,7.5,False,6.5,False,218,217,0.0,0.17718429716424697
10,7.5,False,6.5,True,218,237,-15.645,-0.013078892600672963
10,8.5,False,7.5,False,219,218,0.0,0.17013095487195126
10,8.5,False,7.5,True,219,238,-15.645,-0.010003126599231804
10,9.5,False,8.5,False,220,219,1.7763568394002505e-15,0.13904693239779645
10,9.5,False,8.5,True,220,239,-15.645,-0.0062111801242236255
10,-9.5,True,-10.5,False,221,200,-8.881784197001252e-16,-0.134176826053993
10,-8.5,True,-9.5,True,222,221,8.881784197001252e-16,-0.16666345173911482
10,-8.5,True,-9.5,False,222,201,15.645,-0.006211180124223627
10,-7.5,True,-8.5,True,223,222,0.0,-0.17684601659679197
10,-7.5,True,-8.5,False,223,202,15.645,-0.01000312659923181
10,-6.5,True,-7.5,True,224,223,0.0,-0.17391304347826095
10,-6.5,True,-7.5,False,224,203,15.645,-0.013078892600672942
10,-5.5,True,-6.5,True,225,224,0.0,-0.16196776161994167
10,-5.5,True,-6.5,False,225,204,15.645,-0.015506428539563818
10,-4.5,True,-5.5,True,226,225,0.0,-0.14344106066823006
10,-4.5,True,-5.5,False,226,205,15.645,-0.017303292709437118
10,-3.5,True,-4.5,True,227,226,0.0,-0.12001140162475732
10,-3.5,True,-4.5,False,227,206,15.645,-0.01847611427627394
10,-2.5,True,-3.5,True,228,227,0.0,-0.09296043196953899
10,-2.5,True,-3.5,False,228,207,15.645,-0.019027959739594955
10,-1.5,True,-2.5,True,229,228,0.0,-0.06334185731171169
10,-1.5,True,-2.5,False,229,208,15.645,-0.0189604445897352
10,-0.5,True,-1.5,True,230,229,0.0,-0.032074396241883414
10,-0.5,True,-1.5,False,230,209,15.645,-0.01827450128718365
10,0.5,True,-0.5,True,231,230,0.0,-1.896474049229673e-17
10,0.5,True,-0.5,False,231,210,15.645,-0.016970705920127366
10,1.5,True,0.5,True,232,231,0.0,0.032074396241883296
10,1.5,True,0.5,False,232,211,15.645,-0.015049433679722272
10,2.5,True,1.5,True,233,232,0.0,0.06334185731171157
10,2.5,True,1.5,False,233,212,15.645,-0.012510939442329986
10,3.5,True,2.5,True,234,233,0.0,0.09296043196953888
10,3.5,True,2.5,False,234,213,15.645,-0.00935540243298737
10,4.5,True,3.5,True,235,234,0.0,0.12001140162475717
10,4.5,True,3.5,False,235,214,15.645,-0.005582952362405811
10,5.5,True,4.5,True,236,235,0.0,0.14344106066822998
10,5.5,True,4.5,False,236,215,15.645,-0.0011936854255315988
10,6.5,True,5.5,True,237,236,0.0,0.16196776161994156
10,6.5,True,5.5,False,237,216,15.645,0.00381232552784918
10,7.5,True,6.5,True,238,237,0.0,0.17391304347826084
10,7.5,True,6.5,False,238,217,15.645,0.009435024314914551
10,8.5,True,7.5,True,239,238,0.0,0.17684601659679192
10,8.5,True,7.5,False,239,218,15.645,0.01567436691041103
10,9.5,True,8.5,True,240,239,-8.881784197001252e-16,0.16666345173911476
10,9.5,True,8.5,False,240,219,15.645,0.022530318326397902
10,10.5,True,9.5,True,241,240,8.881784197001252e-16,0.13417682605399298
10,10.5,True,9.5,False,241,220,15.645,0.0300028504061893
11,-10.5,False,-11.5,False,243,242,-17.135,0.027662562992324998
11,-9.5,False,-10.5,False,244,243,1.7763568394002505e-15,-0.13417682605399298
11,-9.5,False,-10.5,True,244,265,-17.134999999999998,0.021397733383908973
11,-8.5,False,-9.5,False,245,244,0.0,-0.1666634517391147
11,-8.5,False,-9.5,True,245,266,-17.134999999999998,0.015601482211218454
11,-7.5,False,-8.5,False,246,245,-1.7763568394002505e-15,-0.1768460165967919
11,-7.5,False,-8.5,True,246,267,-17.134999999999998,0.010273825156837443
11,-6.5,False,-7.5,False,247,246,0.0,-0.17391304347826084
11,-6.5,False,-7.5,True,247,268,-17.135,0.005414781296323822
11,-5.5,False,-6.5,False,248,247,0.0,-0.1619677616199415
11,-5.5,False,-6.5,True,248,269,-17.135,0.0010243740684764394
11,-4.5,False,-5.5,False,249,248,0.0,-0.14344106066822995
11,-4.5,False,-5.5,True,249,270,-17.135,-0.0028973674011654044
11,-3.5,False,-4.5,False,250,249,1.7763568394002505e-15,-0.12001140162475717
11,-3.5,False,-4.5,True,250,271,-17.134999999999998,-0.006350406463828005
11,-2.5,False,-3.5,False,251,250,-1.7763568394002505e-15,-0.09296043196953886
11,-2.5,False,-3.5,True,251,272,-17.134999999999998,-0.009334696349942483
11,-1.5,False,-2.5,False,252,251,0.0,-0.06334185731171157
11,-1.5,False,-2.5,True,252,273,-17.135,-0.011850176415117326
11,-0.5,False,-1.5,False,253,252,0.0,-0.03207439624188332
11,-0.5,False,-1.5,True,253,274,-17.135,-0.013896766580557291
11,0.5,False,-0.5,False,254,253,0.0,4.324169990331329e-17
11,0.5,False,-0.5,True,254,275,-17.135,-0.015474358865973254
11,1.5,False,0.5,False,255,254,0.0,0.03207439624188341
11,1.5,False,0.5,True,255,276,-17.135,-0.016582804070524464
11,2.5,False,1.5,False,256,255,0.0,0.06334185731171163
11,2.5,False,1.5,True,256,277,-17.135,-0.017221890013041866
11,3.5,False,2.5,False,257,256,1.7763568394002505e-15,0.09296043196953893
11,3.5,False,2.5,True,257,278,-17.134999999999998,-0.017391304347826066
11,4.5,False,3.5,False,258,257,-1.7763568394002505e-15,0.12001140162475726
11,4.5,False,3.5,True,258,279,-17.134999999999998,-0.01709056747519983
11,5.5,False,4.5,False,259,258,0.0,0.14344106066822998
11,5.5,False,4.5,True,259,280,-17.135,-0.016318903095909
11,6.5,False,5.5,False,260,259,0.0,0.16196776161994156
11,6.5,False,5.5,True,260,281,-17.135,-0.015074966233685191
11,7.5,False,6.5,False,261,260,0.0,0.1739130434782609
11,7.5,False,6.5,True,261,282,-17.135,-0.01335620378207765
11,8.5,False,7.5,False,262,261,1.7763568394002505e-15,0.17684601659679192
11,8.5,False,7.5,True,262,283,-17.134999999999998,-0.011157096136900621
11,9.5,False,8.5,False,263,262,0.0,0.16666345173911473
11,9.5,False,8.5,True,263,284,-17.134999999999998,-0.008463022579425567
11,10.5,False,9.5,False,264,263,-1.7763568394002505e-15,0.134176826053993
11,10.5,False,9.5,True,264,285,-17.134999999999998,-0.005217391304347803
11,-10.5,True,-11.5,False,265,242,0.0,-0.12974892141630948
11,-9.5,True,-10.5,True,266,265,-1.7763568394002505e-15,-0.16314489599385842
11,-9.5,True,-10.5,False,266,243,17.134999999999998,-0.005217391304347803
11,-8.5,True,-9.5,True,267,266,0.0,-0.17569521642242852
11,-8.5,True,-9.5,False,267,244,17.134999999999998,-0.008463022579425586
11,-7.5,True,-8.5,True,268,267,1.7763568394002505e-15,-0.1759876263050228
11,-7.5,True,-8.5,False,268,245,17.134999999999998,-0.011157096136900605
11,-6.5,True,-7.5,True,269,268,0.0,-0.16780581089501134
11,-6.5,True,-7.5,False,269,246,17.135,-0.013356203782077638
11,-5.5,True,-6.5,True,270,269,0.0,-0.15335935780903368
11,-5.5,True,-6.5,False,270,247,17.135,-0.01507496623368517
11,-4.5,True,-5.5,True,271,270,0.0,-0.1341499880047087
11,-4.5,True,-5.5,False,271,248,17.135,-0.016318903095909033
11,-3.5,True,-4.5,True,272,271,-1.7763568394002505e-15,-0.11130434782608688
11,-3.5,True,-4.5,False,272,249,17.134999999999998,-0.01709056747519981
11,-2.5,True,-3.5,True,273,272,1.7763568394002505e-15,-0.08573048726167813
11,-2.5,True,-3.5,False,273,250,17.134999999999998,-0.017391304347826056
11,-1.5,True,-2.5,True,274,273,0.0,-0.0582024366284574
11,-1.5,True,-2.5,False,274,251,17.135,-0.017221890013041866
11,-0.5,True,-1.5,True,275,274,0.0,-0.029411364391804765
11,-0.5,True,-1.5,False,275,252,17.135,-0.016582804070524468
11,0.5,True,-0.5,True,276,275,0.0,4.324169990331329e-17
11,0.5,True,-0.5,False,276,253,17.135,-0.015474358865973254
11,1.5,True,0.5,True,277,276,0.0,0.029411364391804837
11,1.5,True,0.5,False,277,254,17.135,-0.01389676658055727
11,2.5,True,1.5,True,278,277,0.0,0.05820243662845746
11,2.5,True,1.5,False,278,255,17.135,-0.011850176415117323
11,3.5,True,2.5,True,279,278,-1.7763568394002505e-15,0.08573048726167817
11,3.5,True,2.5,False,279,256,17.134999999999998,-0.009334696349942486
11,4.5,True,3.5,True,280,279,1.7763568394002505e-15,0.11130434782608696
11,4.5,True,3.5,False,280,257,17.134999999999998,-0.006350406463828
11,5.5,True,4.5,True,281,280,0.0,0.1341499880047088
11,5.5,True,4.5,False,281,258,17.135,-0.002897367401165358
11,6.5,True,5.5,True,282,281,0.0,0.15335935780903373
11,6.5,True,5.5,False,282,259,17.135,0.0010243740684764283
11,7.5,True,6.5,True,283,282,0.0,0.1678058108950114
11,7.5,True,6.5,False,283,260,17.135,0.0054147812963238244
11,8.5,True,7.5,True,284,283,-1.7763568394002505e-15,0.17598762630502285
11,8.5,True,7.5,False,284,261,17.134999999999998,0.010273825156837444
11,9.5,True,8.5,True,285,284,0.0,0.17569521642242855
11,9.5,True,8.5,False,285,262,17.134999999999998,0.015601482211218471
11,10.5,True,9.5,True,286,285,1.7763568394002505e-15,0.16314489599385842
11,10.5,True,9.5,False,286,263,17.134999999999998,0.021397733383908973
11,11.5,True,10.5,True,287,286,0.0,0.12974892141630948
11,11.5,True,10.5,False,287,264,17.135,0.027662562992325005
12,-11.5,False,-12.5,False,289,288,-18.625,0.025660011963983365
12,-10.5,False,-11.5,False,290,289,0.0,-0.12974892141630953
12,-10.5,False,-11.5,True,290,313,-18.625,0.020331832965596604
12,-9.5,False,-10.5,False,291,290,0.0,-0.16314489599385845
12,-9.5,False,-10.5,True,291,314,-18.625,0.015368090551291643
12,-8.5,False,-9.5,False,292,291,0.0,-0.17569521642242855
12,-8.5,False,-9.5,True,292,315,-18.625,0.010768793925235264
12,-7.5,False,-8.5,False,293,292,0.0,-0.17598762630502288
12,-7.5,False,-8.5,True,293,316,-18.625,0.006533954088458987
12,-6.5,False,-7.5,False,294,293,0.0,-0.16780581089501137
12,-6.5,False,-7.5,True,294,317,-18.625,0.002663584299920803
12,-5.5,False,-6.5,False,295,294,0.0,-0.15335935780903373
12,-5.5,False,-6.5,True,295,318,-18.625,-0.0008422993127614732
12,-4.5,False,-5.5,False,296,295,0.0,-0.1341499880047088
12,-4.5,False,-5.5,True,296,319,-18.625,-0.003983676932963946
12,-3.5,False,-4.5,False,297,296,0.0,-0.11130434782608693
12,-3.5,False,-4.5,True,297,320,-18.625,-0.006760523936052505
12,-2.5,False,-3.5,False,298,297,0.0,-0.08573048726167816
12,-2.5,False,-3.5,True,298,321,-18.625,-0.009172809336640499
12,-1.5,False,-2.5,False,299,298,0.0,-0.05820243662845738
12,-1.5,False,-2.5,True,299,322,-18.625,-0.011220493592355099
12,-0.5,False,-1.5,False,300,299,0.0,-0.029411364391804775
12,-0.5,False,-1.5,True,300,323,-18.625,-0.012903525429794427
12,0.5,False,-0.5,False,301,300,0.0,2.936391209549884e-17
12,0.5,False,-0.5,True,301,324,-18.625,-0.01422183714384518
12,1.5,False,0.5,False,302,301,0.0,0.029411364391804876
12,1.5,False,0.5,True,302,325,-18.625,-0.015175337438611465
12,2.5,False,1.5,False,303,302,0.0,0.058202436628457435
12,2.5,False,1.5,True,303,326,-18.625,-0.015763900165807167
12,3.5,False,2.5,False,304,303,0.0,0.08573048726167823
12,3.5,False,2.5,True,304,327,-18.625,-0.015987345926085493
12,4.5,False,3.5,False,305,304,0.0,0.11130434782608699
12,4.5,False,3.5,True,305,328,-18.625,-0.015845410628019307
12,5.5,False,4.5,False,306,305,0.0,0.13414998800470881
12,5.5,False,4.5,True,306,329,-18.625,-0.015337688759794733
12,6.5,False,5.5,False,307,306,0.0,0.15335935780903373
12,6.5,False,5.5,True,307,330,-18.625,-0.014463523932549812
12,7.5,False,6.5,False,308,307,0.0,0.16780581089501145
12,7.5,False,6.5,True,308,331,-18.625,-0.013221778895265277
12,8.5,False,7.5,False,309,308,0.0,0.17598762630502288
12,8.5,False,7.5,True,309,332,-18.625,-0.01161029479095637
12,9.5,False,8.5,False,310,309,0.0,0.1756952164224286
12,9.5,False,8.5,True,310,333,-18.625,-0.009624404142336469
12,10.5,False,9.5,False,311,310,0.0,0.16314489599385842
12,10.5,False,9.5,True,311,334,-18.625,-0.007251742511560489
12,11.5,False,10.5,False,312,311,0.0,0.12974892141630953
12,11.5,False,10.5,True,312,335,-18.625,-0.0044444444444444835
12,-11.5,True,-12.5,False,313,288,0.0,-0.12570787221094185
12,-10.5,True,-11.5,True,314,313,0.0,-0.15967044249253315
12,-10.5,True,-11.5,False,314,289,18.625,-0.0044444444444444765
12,-9.5,True,-10.5,True,315,314,0.0,-0.17403466851067753
12,-9.5,True,-10.5,False,315,290,18.625,-0.007251742511560522
12,-8.5,True,-9.5,True,316,315,0.0,-0.17688665548562135
12,-8.5,True,-9.5,False,316,291,18.625,-0.009624404142336465
12,-7.5,True,-8.5,True,317,316,0.0,-0.1717496503252082
12,-7.5,True,-8.5,False,317,292,18.625,-0.011610294790956375
12,-6.5,True,-7.5,True,318,317,0.0,-0.16065708695378914
12,-6.5,True,-7.5,False,318,293,18.625,-0.01322177889526527
12,-5.5,True,-6.5,True,319,318,0.0,-0.14497339049155636
12,-5.5,True,-6.5,False,319,294,18.625,-0.014463523932549793
12,-4.5,True,-5.5,True,320,319,0.0,-0.12570787221094176
12,-4.5,True,-5.5,False,320,295,18.625,-0.015337688759794778
12,-3.5,True,-4.5,True,321,320,0.0,-0.10366136701947201
12,-3.5,True,-4.5,False,321,296,18.625,-0.015845410628019283
12,-2.5,True,-3.5,True,322,321,0.0,-0.0795046391999925
12,-2.5,True,-3.5,False,322,297,18.625,-0.015987345926085497
12,-1.5,True,-2.5,True,323,322,0.0,-0.05382489518395535
12,-1.5,True,-2.5,False,323,298,18.625,-0.01576390016580719
12,-0.5,True,-1.5,True,324,323,0.0,-0.027156004118256787
12,-0.5,True,-1.5,False,324,299,18.625,-0.015175337438611457
12,0.5,True,-0.5,True,325,324,0.0,2.936391209549884e-17
12,0.5,True,-0.5,False,325,300,18.625,-0.01422183714384517
12,1.5,True,0.5,True,326,325,0.0,0.02715600411825688
12,1.5,True,0.5,False,326,301,18.625,-0.012903525429794439
12,2.5,True,1.5,True,327,326,0.0,0.05382489518395541
12,2.5,True,1.5,False,327,302,18.625,-0.011220493592355076
12,3.5,True,2.5,True,328,327,0.0,0.07950463919999254
12,3.5,True,2.5,False,328,303,18.625,-0.009172809336640483
12,4.5,True,3.5,True,329,328,0.0,0.10366136701947204
12,4.5,True,3.5,False,329,304,18.625,-0.00676052393605252
12,5.5,True,4.5,True,330,329,0.0,0.1257078722109418
12,5.5,True,4.5,False,330,305,18.625,-0.003983676932963896
12,6.5,True,5.5,True,331,330,0.0,0.14497339049155636
12,6.5,True,5.5,False,331,306,18.625,-0.000842299312761493
12,7.5,True,6.5,True,332,331,0.0,0.16065708695378916
12,7.5,True,6.5,False,332,307,18.625,0.002663584299920784
12,8.5,True,7.5,True,333,332,0.0,0.17174965032520825
12,8.5,True,7.5,False,333,308,18.625,0.006533954088458995
12,9.5,True,8.5,True,334,333,0.0,0.17688665548562144
12,9.5,True,8.5,False,334,309,18.625,0.010768793925235262
12,10.5,True,9.5,True,335,334,0.0,0.17403466851067756
12,10.5,True,9.5,False,335,310,18.625,0.015368090551291673
12,11.5,True,10.5,True,336,335,0.0,0.1596704424925331
12,11.5,True,10.5,False,336,311,18.625,0.0203318329655966
12,12.5,True,11.5,True,337,336,0.0,0.12570787221094185
12,12.5,True,11.5,False,337,312,18.625,0.025660011963983365
13,-12.5,False,-13.5,False,339,338,-20.115000000000002,0.023927195396162438
13,-11.5,False,-12.5,False,340,339,-1.7763568394002505e-15,-0.1257078722109418
13,-11.5,False,-12.5,True,340,365,-20.115000000000002,0.019340121784098035
13,-10.5,False,-11.5,False,341,340,1.7763568394002505e-15,-0.15967044249253312
13,-10.5,False,-11.5,True,341,366,-20.115000000000002,0.015042075978886816
13,-9.5,False,-10.5,False,342,341,0.0,-0.17403466851067756
13,-9.5,False,-10.5,True,342,367,-20.115,0.011033063623799235
13,-8.5,False,-9.5,False,343,342,0.0,-0.1768866554856214
13,-8.5,False,-9.5,True,343,368,-20.115,0.007313091365787054
13,-7.5,False,-8.5,False,344,343,0.0,-0.17174965032520825
13,-7.5,False,-8.5,True,344,369,-20.115,0.003882167089034632
13,-6.5,False,-7.5,False,345,344,-1.7763568394002505e-15,-0.16065708695378922
13,-6.5,False,-7.5,True,345,370,-20.115000000000002,0.0007403002169190049
13,-5.5,False,-6.5,False,346,345,1.7763568394002505e-15,-0.14497339049155636
13,-5.5,False,-6.5,True,346,371,-20.115000000000002,-0.0021124978930406263
13,-4.5,False,-5.5,False,347,346,0.0,-0.12570787221094182
13,-4.5,False,-5.5,True,347,372,-20.115,-0.0046762134260206634
13,-3.5,False,-4.5,False,348,347,0.0,-0.10366136701947201
13,-3.5,False,-4.5,True,348,373,-20.115,-0.006950829407171488
13,-2.5,False,-3.5,False,349,348,0.0,-0.07950463919999252
13,-2.5,False,-3.5,True,349,374,-20.115,-0.008936324743057961
13,-1.5,False,-2.5,False,350,349,0.0,-0.053824895183955446
13,-1.5,False,-2.5,True,350,375,-20.115,-0.0106326728915434
13,-0.5,False,-1.5,False,351,350,0.0,-0.027156004118256884
13,-0.5,False,-1.5,True,351,376,-20.115,-0.012039839980437873
13,0.5,False,-0.5,False,352,351,0.0,-1.1745564838199536e-17
13,0.5,False,-0.5,True,352,377,-20.115,-0.013157782088509574
13,1.5,False,0.5,False,353,352,0.0,0.027156004118256808
13,1.5,False,0.5,True,353,378,-20.115,-0.013986441218705686
13,2.5,False,1.5,False,354,353,0.0,0.05382489518395538
13,2.5,False,1.5,True,354,379,-20.115,-0.014525739165377185
13,3.5,False,2.5,False,355,354,0.0,0.07950463919999251
13,3.5,False,2.5,True,355,380,-20.115,-0.014775567867010531
13,4.5,False,3.5,False,356,355,0.0,0.10366136701947198
13,4.5,False,3.5,True,356,381,-20.115,-0.014735773644826188
13,5.5,False,4.5,False,357,356,0.0,0.1257078722109418
13,5.5,False,4.5,True,357,382,-20.115,-0.01440613026819926
13,6.5,False,5.5,False,358,357,-1.7763568394002505e-15,0.1449733904915564
13,6.5,False,5.5,True,358,383,-20.115000000000002,-0.013786290356505146
13,7.5,False,6.5,False,359,358,1.7763568394002505e-15,0.16065708695378914
13,7.5,False,6.5,True,359,384,-20.115000000000002,-0.012875691607794195
13,8.5,False,7.5,False,360,359,0.0,0.1717496503252082
13,8.5,False,7.5,True,360,385,-20.115,-0.011673359766346755
13,9.5,False,8.5,False,361,360,0.0,0.1768866554856213
13,9.5,False,8.5,True,361,386,-20.115,-0.01017744534307062
13,10.5,False,9.5,False,362,361,0.0,0.17403466851067756
13,10.5,False,9.5,True,362,387,-20.115,-0.008383949566614217
13,11.5,False,10.5,False,363,362,-1.7763568394002505e-15,0.15967044249253312
13,11.5,False,10.5,True,363,388,-20.115000000000002,-0.006282278791182137
13,12.5,False,11.5,False,364,363,1.7763568394002505e-15,0.1257078722109418
13,12.5,False,11.5,True,364,389,-20.115000000000002,-0.0038314176245210947
13,-12.5,True,-13.5,False,365,338,-1.7763568394002505e-15,-0.12200523623057978
13,-11.5,True,-12.5,True,366,365,1.7763568394002505e-15,-0.15629178585725012
13,-11.5,True,-12.5,False,366,339,20.115000000000002,-0.003831417624521093
13,-10.5,True,-11.5,True,367,366,-1.7763568394002505e-15,-0.1720586664790228
13,-10.5,True,-11.5,False,367,340,20.115000000000002,-0.006282278791182129
13,-9.5,True,-10.5,True,368,367,0.0,-0.1769655997516095
13,-9.5,True,-10.5,False,368,341,20.115,-0.008383949566614209
13,-8.5,True,-9.5,True,369,368,0.0,-0.17431897572532307
13,-8.5,True,-9.5,False,369,342,20.115,-0.01017744534307064
13,-7.5,True,-8.5,True,370,369,0.0,-0.16600844760431085
13,-7.5,True,-8.5,False,370,343,20.115,-0.011673359766346762
13,-6.5,True,-7.5,True,371,370,1.7763568394002505e-15,-0.1532886301358566
13,-6.5,True,-7.5,False,371,344,20.115000000000002,-0.012875691607794216
13,-5.5,True,-6.5,True,372,371,-1.7763568394002505e-15,-0.13707696413791817
13,-5.5,True,-6.5,False,372,345,20.115000000000002,-0.013786290356505127
13,-4.5,True,-5.5,True,373,372,0.0,-0.11809222227909918
13,-4.5,True,-5.5,False,373,346,20.115,-0.014406130268199268
13,-3.5,True,-4.5,True,374,373,0.0,-0.09692805088638716
13,-3.5,True,-4.5,False,374,347,20.115,-0.014735773644826184
13,-2.5,True,-3.5,True,375,374,0.0,-0.07409609044373072
13,-2.5,True,-3.5,False,375,348,20.115,-0.01477556786701054
13,-1.5,True,-2.5,True,376,375,0.0,-0.05005343024844302
13,-1.5,True,-2.5,False,376,349,20.115,-0.014525739165377163
13,-0.5,True,-1.5,True,377,376,0.0,-0.02522147849058945
13,-0.5,True,-1.5,False,377,350,20.115,-0.013986441218705683
13,0.5,True,-0.5,True,378,377,0.0,-1.1745564838199536e-17
13,0.5,True,-0.5,False,378,351,20.115,-0.013157782088509574
13,1.5,True,0.5,True,379,378,0.0,0.025221478490589387
13,1.5,True,0.5,False,379,352,20.115,-0.012039839980437868
13,2.5,True,1.5,True,380,379,0.0,0.05005343024844296
13,2.5,True,1.5,False,380,353,20.115,-0.010632672891543437
13,3.5,True,2.5,True,381,380,0.0,0.0740960904437307
13,3.5,True,2.5,False,381,354,20.115,-0.008936324743057954
13,4.5,True,3.5,True,382,381,0.0,0.0969280508863871
13,4.5,True,3.5,False,382,355,20.115,-0.006950829407171495
13,5.5,True,4.5,True,383,382,0.0,0.11809222227909914
13,5.5,True,4.5,False,383,356,20.115,-0.004676213426020667
13,6.5,True,5.5,True,384,383,1.7763568394002505e-15,0.13707696413791814
13,6.5,True,5.5,False,384,357,20.115000000000002,-0.00211249789304065
13,7.5,True,6.5,True,385,384,-1.7763568394002505e-15,0.1532886301358566
13,7.5,True,6.5,False,385,358,20.115000000000002,0.0007403002169190148
13,8.5,True,7.5,True,386,385,0.0,0.16600844760431085
13,8.5,True,7.5,False,386,359,20.115,0.0038821670890346427
13,9.5,True,8.5,True,387,386,0.0,0.17431897572532298
13,9.5,True,8.5,False,387,360,20.115,0.00731309136578707
13,10.5,True,9.5,True,388,387,0.0,0.17696559975160941
13,10.5,True,9.5,False,388,361,20.115,0.011033063623799211
13,11.5,True,10.5,True,389,388,1.7763568394002505e-15,0.17205866647902276
13,11.5,True,10.5,False,389,362,20.115000000000002,0.01504207597888681
13,12.5,True,11.5,True,390,389,-1.7763568394002505e-15,0.15629178585725012
13,12.5,True,11.5,False,390,363,20.115000000000002,0.01934012178409803
13,13.5,True,12.5,True,391,390,1.7763568394002505e-15,0.12200523623057978
13,13.5,True,12.5,False,391,364,20.115000000000002,0.02392719539616244
14,-13.5,False,-14.5,False,393,392,-21.605,0.02241317205740812
14,-12.5,False,-13.5,False,394,393,0.0,-0.12200523623057978
14,-12.5,False,-13.5,True,394,421,-21.605,0.018422572742971287
14,-11.5,False,-12.5,False,395,394,0.0,-0.15629178585725012
14,-11.5,False,-12.5,True,395,422,-21.605,0.014665055242809222
14,-10.5,False,-11.5,False,396,395,0.0,-0.17205866647902268
14,-10.5,False,-11.5,True,396,423,-21.605,0.01114062314752192
14,-9.5,False,-10.5,False,397,396,0.0,-0.17696559975160941
14,-9.5,False,-10.5,True,397,424,-21.605,0.007849280634143955
14,-8.5,False,-9.5,False,398,397,0.0,-0.17431897572532296
14,-8.5,False,-9.5,True,398,425,-21.605,0.004791032590979823
14,-7.5,False,-8.5,False,399,398,0.0,-0.1660084476043108
14,-7.5,False,-8.5,True,399,426,-21.605,0.001965884775749216
14,-6.5,False,-7.5,False,400,399,0.0,-0.1532886301358566
14,-6.5,False,-7.5,True,400,427,-21.605,-0.000626155982102373
14,-5.5,False,-6.5,False,401,400,0.0,-0.13707696413791814
14,-5.5,False,-6.5,True,401,428,-21.605,-0.002985081519834688
14,-4.5,False,-5.5,False,402,401,0.0,-0.11809222227909918
14,-4.5,False,-5.5,True,402,429,-21.605,-0.005110881999291873
14,-3.5,False,-4.5,False,403,402,0.0,-0.09692805088638712
14,-3.5,False,-4.5,True,403,430,-21.605,-0.007003545453717581
14,-2.5,False,-3.5,False,404,403,0.0,-0.07409609044373071
14,-2.5,False,-3.5,True,404,431,-21.605,-0.008663057179026105
14,-1.5,False,-2.5,False,405,404,0.0,-0.05005343024844298
14,-1.5,False,-2.5,True,405,432,-21.605,-0.01008939890345249
14,-0.5,False,-1.5,False,406,405,0.0,-0.025221478490589436
14,-0.5,False,-1.5,True,406,433,-21.605,-0.011282547635338975
14,0.5,False,-0.5,False,407,406,0.0,-1.1745564838199536e-17
14,0.5,False,-0.5,True,407,434,-21.605,-0.012242474033404548
14,1.5,False,0.5,False,408,407,0.0,0.025221478490589394
14,1.5,False,0.5,True,408,435,-21.605,-0.012969140051398344
14,2.5,False,1.5,False,409,408,0.0,0.05005343024844296
14,2.5,False,1.5,True,409,436,-21.605,-0.01346249544984674
14,3.5,False,2.5,False,410,409,0.0,0.0740960904437307
14,3.5,False,2.5,True,410,437,-21.605,-0.013722472483420841
14,4.5,False,3.5,False,411,410,0.0,0.09692805088638706
14,4.5,False,3.5,True,411,438,-21.605,-0.013748977543744283
14,5.5,False,4.5,False,412,411,0.0,0.11809222227909912
14,5.5,False,4.5,True,412,439,-21.605,-0.013541877505560447
14,6.5,False,5.5,False,413,412,0.0,0.1370769641379181
14,6.5,False,5.5,True,413,440,-21.605,-0.013100976393523667
14,7.5,False,6.5,False,414,413,0.0,0.15328863013585659
14,7.5,False,6.5,True,414,441,-21.605,-0.012425973281479982
14,8.5,False,7.5,False,415,414,0.0,0.16600844760431074
14,8.5,False,7.5,True,415,442,-21.605,-0.011516381056824673
14,9.5,False,8.5,False,416,415,0.0,0.17431897572532296
14,9.5,False,8.5,True,416,443,-21.605,-0.010371355724610988
14,10.5,False,9.5,False,417,416,0.0,0.17696559975160941
14,10.5,False,9.5,True,417,444,-21.605,-0.008989295041882674
14,11.5,False,10.5,False,418,417,0.0,0.17205866647902268
14,11.5,False,10.5,True,418,445,-21.605,-0.0073667346938232695
14,12.5,False,11.5,False,419,418,0.0,0.1562917858572501
14,12.5,False,11.5,True,419,446,-21.605,-0.005494496443900771
14,13.5,False,12.5,False,420,419,0.0,0.12200523623057974
14,13.5,False,12.5,True,420,447,-21.605,-0.003337041156840917
14,-13.5,True,-14.5,False,421,392,0.0,-0.11859935871200747
14,-12.5,True,-13.5,True,422,421,0.0,-0.1530356709403323
14,-12.5,True,-13.5,False,422,393,21.605,-0.0033370411568409224
14,-11.5,True,-12.5,True,423,422,0.0,-0.16989439903925946
14,-11.5,True,-12.5,False,423,394,21.605,-0.005494496443900766
14,-10.5,True,-11.5,True,424,423,0.0,-0.17646747065674692
14,-10.5,True,-11.5,False,424,395,21.605,-0.0073667346938232755
14,-9.5,True,-10.5,True,425,424,0.0,-0.1758775116890088
14,-9.5,True,-10.5,False,425,396,21.605,-0.008989295041882662
14,-8.5,True,-9.5,True,426,425,0.0,-0.16989439903925946
14,-8.5,True,-9.5,False,426,397,21.605,-0.010371355724610978
14,-7.5,True,-8.5,True,427,426,0.0,-0.15968283377020123
14,-7.5,True,-8.5,False,427,398,21.605,-0.011516381056824695
14,-6.5,True,-7.5,True,428,427,0.0,-0.14608636404344388
14,-6.5,True,-7.5,False,428,399,21.605,-0.012425973281479971
14,-5.5,True,-6.5,True,429,428,0.0,-0.12975899062440657
14,-5.5,True,-6.5,False,429,400,21.605,-0.013100976393523684
14,-4.5,True,-5.5,True,430,429,0.0,-0.11123470522803117
14,-4.5,True,-5.5,False,430,401,21.605,-0.013541877505560443
14,-3.5,True,-4.5,True,431,430,0.0,-0.0909679568420951
14,-3.5,True,-4.5,False,431,402,21.605,-0.013748977543744299
14,-2.5,True,-3.5,True,432,431,0.0,-0.06935909796716304
14,-2.5,True,-3.5,False,432,403,21.605,-0.013722472483420846
14,-1.5,True,-2.5,True,433,432,0.0,-0.04677151510929621
14,-1.5,True,-2.5,False,433,404,21.605,-0.01346249544984674
14,-0.5,True,-1.5,True,434,433,0.0,-0.023543949375435767
14,-0.5,True,-1.5,False,434,405,21.605,-0.01296914005139834
14,0.5,True,-0.5,True,435,434,0.0,-1.1745564838199536e-17
14,0.5,True,-0.5,False,435,406,21.605,-0.01224247403340455
14,1.5,True,0.5,True,436,435,0.0,0.02354394937543572
14,1.5,True,0.5,False,436,407,21.605,-0.011282547635338995
14,2.5,True,1.5,True,437,436,0.0,0.046771515109296176
14,2.5,True,1.5,False,437,408,21.605,-0.010089398903452479
14,3.5,True,2.5,True,438,437,0.0,0.06935909796716302
14,3.5,True,2.5,False,438,409,21.605,-0.008663057179026106
14,4.5,True,3.5,True,439,438,0.0,0.09096795684209505
14,4.5,True,3.5,False,439,410,21.605,-0.00700354545371757
14,5.5,True,4.5,True,440,439,0.0,0.11123470522803111
14,5.5,True,4.5,False,440,411,21.605,-0.005110881999291896
14,6.5,True,5.5,True,441,440,0.0,0.12975899062440652
14,6.5,True,5.5,False,441,412,21.605,-0.002985081519834665
14,7.5,True,6.5,True,442,441,0.0,0.14608636404344386
14,7.5,True,6.5,False,442,413,21.605,-0.0006261559821023867
14,8.5,True,7.5,True,443,442,0.0,0.15968283377020118
14,8.5,True,7.5,False,443,414,21.605,0.001965884775749224
14,9.5,True,8.5,True,444,443,0.0,0.16989439903925943
14,9.5,True,8.5,False,444,415,21.605,0.004791032590979812
14,10.5,True,9.5,True,445,444,0.0,0.1758775116890088
14,10.5,True,9.5,False,445,416,21.605,0.007849280634143939
14,11.5,True,10.5,True,446,445,0.0,0.17646747065674695
14,11.5,True,10.5,False,446,417,21.605,0.011140623147521922
14,12.5,True,11.5,True,447,446,0.0,0.16989439903925946
14,12.5,True,11.5,False,447,418,21.605,0.014665055242809222
14,13.5,True,12.5,True,448,447,0.0,0.1530356709403323
14,13.5,True,12.5,False,448,419,21.605,0.01842257274297129
14,14.5,True,13.5,True,449,448,0.0,0.11859935871200745
14,14.5,True,13.5,False,449,420,21.605,0.02241317205740812
